"","x"
"1","2 girls 1 cup"
"2","2g1c"
"3","acrotomophilia"
"4","anal"
"5","anilingus"
"6","anus"
"7","arsehole"
"8","ass"
"9","asshole"
"10","assmunch"
"11","auto erotic"
"12","autoerotic"
"13","babeland"
"14","baby batter"
"15","ball gag"
"16","ball gravy"
"17","ball kicking"
"18","ball licking"
"19","ball sack"
"20","ball sucking"
"21","bangbros"
"22","bareback"
"23","barely legal"
"24","barenaked"
"25","bastardo"
"26","bastinado"
"27","bbw"
"28","bdsm"
"29","beaver cleaver"
"30","beaver lips"
"31","bestiality"
"32","bi curious"
"33","big black"
"34","big breasts"
"35","big knockers"
"36","big tits"
"37","bimbos"
"38","birdlock"
"39","bitch"
"40","black cock"
"41","blonde action"
"42","blonde on blonde action"
"43","blow j"
"44","blow your l"
"45","blue waffle"
"46","blumpkin"
"47","bollocks"
"48","bondage"
"49","boner"
"50","boob"
"51","boobs"
"52","booty call"
"53","brown showers"
"54","brunette action"
"55","bukkake"
"56","bulldyke"
"57","bullet vibe"
"58","bung hole"
"59","bunghole"
"60","busty"
"61","butt"
"62","buttcheeks"
"63","butthole"
"64","camel toe"
"65","camgirl"
"66","camslut"
"67","camwhore"
"68","carpet muncher"
"69","carpetmuncher"
"70","chocolate rosebuds"
"71","circlejerk"
"72","cleveland steamer"
"73","clit"
"74","clitoris"
"75","clover clamps"
"76","clusterfuck"
"77","cock"
"78","cocks"
"79","coprolagnia"
"80","coprophilia"
"81","cornhole"
"82","cum"
"83","cumming"
"84","cunnilingus"
"85","cunt"
"86","darkie"
"87","date rape"
"88","daterape"
"89","deep throat"
"90","deepthroat"
"91","dick"
"92","dildo"
"93","dirty pillows"
"94","dirty sanchez"
"95","dog style"
"96","doggie style"
"97","doggiestyle"
"98","doggy style"
"99","doggystyle"
"100","dolcett"
"101","domination"
"102","dominatrix"
"103","dommes"
"104","donkey punch"
"105","double dong"
"106","double penetration"
"107","dp action"
"108","eat my ass"
"109","ecchi"
"110","ejaculation"
"111","erotic"
"112","erotism"
"113","escort"
"114","ethical slut"
"115","eunuch"
"116","faggot"
"117","fecal"
"118","felch"
"119","fellatio"
"120","feltch"
"121","female squirting"
"122","femdom"
"123","figging"
"124","fingering"
"125","fisting"
"126","foot fetish"
"127","footjob"
"128","frotting"
"129","fuck"
"130","fuck buttons"
"131","fucking"
"132","fudge packer"
"133","fudgepacker"
"134","futanari"
"135","g-spot"
"136","gang bang"
"137","gay sex"
"138","genitals"
"139","giant cock"
"140","girl on"
"141","girl on top"
"142","girls gone wild"
"143","goatcx"
"144","goatse"
"145","gokkun"
"146","golden shower"
"147","goo girl"
"148","goodpoop"
"149","goregasm"
"150","grope"
"151","group sex"
"152","guro"
"153","hand job"
"154","handjob"
"155","hard core"
"156","hardcore"
"157","hentai"
"158","homoerotic"
"159","honkey"
"160","hooker"
"161","hot chick"
"162","how to kill"
"163","how to murder"
"164","huge fat"
"165","humping"
"166","incest"
"167","intercourse"
"168","jack off"
"169","jail bait"
"170","jailbait"
"171","jerk off"
"172","jigaboo"
"173","jiggaboo"
"174","jiggerboo"
"175","jizz"
"176","juggs"
"177","kike"
"178","kinbaku"
"179","kinkster"
"180","kinky"
"181","knobbing"
"182","leather restraint"
"183","leather straight jacket"
"184","lemon party"
"185","lolita"
"186","lovemaking"
"187","make me come"
"188","male squirting"
"189","masturbate"
"190","menage a trois"
"191","milf"
"192","missionary position"
"193","motherfucker"
"194","mound of venus"
"195","mr hands"
"196","muff diver"
"197","muffdiving"
"198","nambla"
"199","nawashi"
"200","negro"
"201","neonazi"
"202","nig nog"
"203","nigga"
"204","nigger"
"205","nimphomania"
"206","nipple"
"207","nipples"
"208","nsfw images"
"209","nude"
"210","nudity"
"211","nympho"
"212","nymphomania"
"213","octopussy"
"214","omorashi"
"215","one cup two girls"
"216","one guy one jar"
"217","orgasm"
"218","orgy"
"219","paedophile"
"220","panties"
"221","panty"
"222","pedobear"
"223","pedophile"
"224","pegging"
"225","penis"
"226","phone sex"
"227","piece of shit"
"228","piss pig"
"229","pissing"
"230","pisspig"
"231","playboy"
"232","pleasure chest"
"233","pole smoker"
"234","ponyplay"
"235","poof"
"236","poop chute"
"237","poopchute"
"238","porn"
"239","porno"
"240","pornography"
"241","prince albert piercing"
"242","pthc"
"243","pubes"
"244","pussy"
"245","queaf"
"246","raghead"
"247","raging boner"
"248","rape"
"249","raping"
"250","rapist"
"251","rectum"
"252","reverse cowgirl"
"253","rimjob"
"254","rimming"
"255","rosy palm"
"256","rosy palm and her 5 sisters"
"257","rusty trombone"
"258","s&m"
"259","sadism"
"260","scat"
"261","schlong"
"262","scissoring"
"263","semen"
"264","sex"
"265","sexo"
"266","sexy"
"267","shaved beaver"
"268","shaved pussy"
"269","shemale"
"270","shibari"
"271","shit"
"272","shota"
"273","shrimping"
"274","slanteye"
"275","slut"
"276","smut"
"277","snatch"
"278","snowballing"
"279","sodomize"
"280","sodomy"
"281","spic"
"282","spooge"
"283","spread legs"
"284","strap on"
"285","strapon"
"286","strappado"
"287","strip club"
"288","style doggy"
"289","suck"
"290","sucks"
"291","suicide girls"
"292","sultry women"
"293","swastika"
"294","swinger"
"295","tainted love"
"296","taste my"
"297","tea bagging"
"298","threesome"
"299","throating"
"300","tied up"
"301","tight white"
"302","tit"
"303","tits"
"304","titties"
"305","titty"
"306","tongue in a"
"307","topless"
"308","tosser"
"309","towelhead"
"310","tranny"
"311","tribadism"
"312","tub girl"
"313","tubgirl"
"314","tushy"
"315","twat"
"316","twink"
"317","twinkie"
"318","two girls one cup"
"319","undressing"
"320","upskirt"
"321","urethra play"
"322","urophilia"
"323","vagina"
"324","venus mound"
"325","vibrator"
"326","violet blue"
"327","violet wand"
"328","vorarephilia"
"329","voyeur"
"330","vulva"
"331","wank"
"332","wet dream"
"333","wetback"
"334","white power"
"335","women rapping"
"336","wrapping men"
"337","wrinkled starfish"
"338","xx"
"339","xxx"
"340","yaoi"
"341","yellow showers"
"342","yiffy"
"343","zoophilia"
